
INSERT INTO `kategori` (`id`, `namaKategori`) VALUES
(1, 'Informatika'),
(2, 'Seni dan Budaya'),
(3, 'Fotografi'),
(4, 'KTI'),
(5, 'Debat'),
(6, 'Olahraga'),
(7, 'E-Sport'),
(8, 'Lainnya');

INSERT INTO `user` (`id`, `username`, `password`, `namaLengkap`, `email`, `bio`, `phone`, `instansi`, `photo`) VALUES
(1, 'admin', '$2y$10$rXLcxaI..1b3YSV.2.iuZelBPWxaOccBoVrcAI3BLiu9DZE.piSea', 'admin', 'admin@ui.gg', 'aku admin aku admin', '5555555','Komunitas Peradminan', 'default.svg'),
(2, 'nonadmin', '$2y$10$rXLcxaI..1b3YSV.2.iuZelBPWxaOccBoVrcAI3BLiu9DZE.piSea', 'Fathi Keandre', 'fathi@ipb.haha', 'Makan Kerupuk adalah jalan ninja ku', '086969696969', 'IPB', 'hdd.jpg');

INSERT INTO `admin` (`id`, `user_id`) VALUES
(1, 1);

INSERT INTO `event` (`id`, `nama`, `image`, `shortDesc`, `longDesc`, `id_kategori`, `creator_id`, `verivied`) VALUES
(1, 'Gemastik', '01.jpg', 
  '
    GEMASTIK atau Pagelaran Mahasiswa Nasional Bidang Tekonologi Informasi dan Komunikasi, merupakan program Direktorat Kemahasiswaan, Direktorat Jenderal Pembelajaran dan Kemahasiswaan Kementerian Riset, Teknologi dan Pendidikan Tinggi. Program ini ditujukan untuk meningkatkan kompetensi mahasiswa Indonesia, sehingga mampu mengambil peran sebagai agen perubahan dalam memajukan TIK dan pemanfaatannya, baik ketika masih dalam masa studi maupun kelak sesudah lulus studi', 
  '
  GEMASTIK atau Pagelaran Mahasiswa Nasional Bidang Tekonologi Informasi dan Komunikasi, merupakan program Direktorat Kemahasiswaan, Direktorat Jenderal Pembelajaran dan Kemahasiswaan Kementerian Riset, Teknologi dan Pendidikan Tinggi. Program ini ditujukan untuk meningkatkan kompetensi mahasiswa Indonesia, sehingga mampu mengambil peran sebagai agen perubahan dalam memajukan TIK dan pemanfaatannya, baik ketika masih dalam masa studi maupun kelak sesudah lulus studi. Pada tahun ini, GEMASTIK digelar untuk ke-12 kalinya dengan tema “Teknologi Informasi untuk Keunggulan Daya Saing Bangsa”. Pagelaran ini diselenggarakan bersama salah satu perguruan tinggi yang ditunjuk oleh Kementerian Riset Teknologi dan Pendidikan Tinggi sebagai penyelenggara. Perguruan Tinggi yang pada tahun ini ditunjuk sebagai penyelenggara GEMASTIK XII 2019 adalah Universitas Telkom di Bandung, Jawa Barat.

  Melalui GEMASTIK, kompetensi TIK mahasiswa Indonesia akan diuji dengan berbagai studi kasus pada masing-masing cabang/divisi lomba untuk menghasilkan solusi paling efisien dan efektif. Para mahasiswa diharapkan mampu terus berkarya dan menyalurkan semangat inovasi dalam pengembangan TIK untuk kemajuan Indonesia. Dari tahun ke tahun, tingkat persaingan di dalam GEMASTIK semakin meningkat. Pada tahun 2017 tercatat tidak kurang dari 2.307 tim yang berasal dari 113 Perguruan Tinggi se-Indonesia terdaftar pada 10 cabang lomba GEMASTIK X. Pada tahun 2018, GEMASTIK XI terlaksana dengan diikuti oleh 2.470 tim yang berasal dari 132 Perguruan Tinggi se-Indonesia pada 11 cabang lomba. Pada tahun 2019 ini, GEMASTIK XII kembali diselenggarakan dengan 11 cabang lomba.

Persyaratan Umum
1.Perguruan Tinggi peserta adalah perguruan tinggi yang terdaftar pada laman PD-DIKTI (http://forlap.dikti.go.id);
2.Peserta adalah mahasiswa aktif yang terdaftar pada perguruan tinggi dan terdaftar pada pada laman PD-DIKTI (http://forlap.dikti.go.id) pada saat batas akhir masa pendaftaran tim (05 September 2019);
3.Peserta adalah mahasiswa Program D3 (maksimal semester 6) atau D4/S1 (maksimal semester 8) pada Babak Final GEMASTIK berlangsung.
4.Setiap 1 tim peserta terdiri dari makimum 3 orang mahasiswa.
5.Penulisan nama mahasiswa peserta wajib menggunakan nama lengkap tanpa disingkat.
6.Peserta wajib mengikuti seluruh jadwal dan aturan ketentuan kompetisi sesusai Buku Panduan edisi mutakhir pada setiap kompetisi tahunan.
7.Untuk lomba berbasis karya kreasi, karya yang diikusertakan tidak diperkenankan mengandung unsur fanatisme SARA (suku – agama – ras – antar golongan), radikalisme, asusila dan plagiarisme, serta belum pernah diikutsertakan dalam kompetisi lain.
8.Presentasi karya inovasi pada babak final dimungkinkan terbuka (dihadiri oleh peserta lain). Keluar-masuk penonton hanya diijinkan pada saat pergantian tim presentasi.
  ', 
  1, 1, 1),
  (2, 'Bogor Art Festival', '02.jpg', 
  '
  Bogor Art Festival merupakan acara yang diselenggarakan oleh Badan Eksekutif Mahasiswa Fakultas Ekonomi dan Manajemen yang sekarang sudah menginjak tahun ke 9. Bogor Art Festival merupakan rangkaian dari 3 acara utama yaitu FEM Art, Expo dan Malam Puncak. Tiket yang disediakan adalah tiket untuk malam puncak yang akan mengundang sejumlah guest star dan musisi papan atas.
  ', 
  '
  Lorem ipsum dolor sit amet, consectetur adipiscing elit. Ut porta massa sapien, id sollicitudin purus congue sed. Sed varius eros sed dolor posuere porta. Lorem ipsum dolor sit amet, consectetur adipiscing elit. Pellentesque sed varius elit. In hac habitasse platea dictumst. Proin maximus, sem et finibus varius, leo est congue massa, aliquet fermentum quam felis quis augue. Cras convallis metus gravida, efficitur dui sed, viverra risus. Pellentesque vel neque orci. Integer et tortor nec justo rutrum hendrerit non quis eros.
Fusce egestas enim lacus. Nunc bibendum est libero. Ut faucibus aliquet magna, in finibus felis laoreet vitae. Vivamus et orci sed nisi tempor tempus. In pellentesque semper felis. Fusce sollicitudin metus eros, vel laoreet eros lobortis eu. Suspendisse tempus molestie ultricies. Duis tempor accumsan est id posuere. Mauris rutrum lectus elit, vel vehicula quam aliquet eu. Donec turpis enim, laoreet quis pellentesque at, tincidunt at orci. In hac habitasse platea dictumst. Mauris magna nibh, vehicula nec leo eget, sagittis maximus nunc.
Aliquam erat volutpat. Proin in urna ac lacus finibus eleifend. Vivamus aliquet varius leo eget malesuada. Aenean libero massa, posuere at massa nec, bibendum rhoncus elit. Aenean consequat erat tortor, a venenatis lacus tincidunt non. Vivamus iaculis neque sed hendrerit sagittis. Nam nec varius eros. Vestibulum posuere nulla enim, eget suscipit diam rutrum eget. Donec fermentum risus arcu, feugiat faucibus tellus pellentesque sit amet. Integer blandit magna suscipit commodo finibus. Etiam commodo risus eros, nec vehicula est placerat id. Praesent quis viverra lectus. Mauris egestas facilisis quam tempor feugiat. Morbi consectetur condimentum nisi, a finibus massa euismod at. Cras id laoreet dolor.
Aenean sed efficitur turpis. Vestibulum quis interdum lectus. Phasellus euismod erat sed dui tincidunt, eget posuere nisl fermentum. In hac habitasse platea dictumst. Vestibulum fermentum magna eget tellus bibendum luctus. Etiam mollis, quam sed sagittis ultricies, erat lectus viverra augue, id ultricies sapien dui a ligula. Nullam aliquet leo condimentum dignissim aliquam. Nulla facilisi. Nulla vitae metus nec enim aliquam tempor sit amet ac massa. Lorem ipsum dolor sit amet, consectetur adipiscing elit. Nam vestibulum velit nec nunc ultricies auctor.
Vivamus sagittis augue ac metus vulputate, a volutpat neque fringilla. Nulla quis massa velit. Maecenas semper nisl nibh, vitae ultrices nibh accumsan tincidunt. Phasellus nec finibus diam. Nunc sagittis odio elit, et maximus lacus congue a. Vivamus congue maximus nulla, et hendrerit nibh imperdiet a. Donec accumsan tristique bibendum. Maecenas mauris dolor, pellentesque vitae vestibulum id, pretium condimentum augue. Nam iaculis rhoncus elit non semper. Cras aliquam rhoncus nunc non imperdiet. Nunc tincidunt eu neque gravida tempus. Vestibulum at felis a libero aliquam interdum eget ut elit. ', 
  2, 1, 1),
    (3, 'Logika UI', '03.jpg', 
  '
  Lorem ipsum dolor sit amet, consectetur adipiscing elit. Ut porta massa sapien, id sollicitudin purus congue sed. Sed varius eros sed dolor posuere porta. Lorem ipsum dolor sit amet, consectetur adipiscing elit. Pellentesque sed varius elit. In hac habitasse platea dictumst. Proin maximus, sem et finibus varius, leo est congue massa, aliquet fermentum quam felis quis augue. Cras convallis metus gravida, efficitur dui sed, viverra risus. Pellentesque vel neque orci. Integer et tortor nec justo rutrum hendrerit non quis eros.
  ', 
  '
  Lorem ipsum dolor sit amet, consectetur adipiscing elit. Ut porta massa sapien, id sollicitudin purus congue sed. Sed varius eros sed dolor posuere porta. Lorem ipsum dolor sit amet, consectetur adipiscing elit. Pellentesque sed varius elit. In hac habitasse platea dictumst. Proin maximus, sem et finibus varius, leo est congue massa, aliquet fermentum quam felis quis augue. Cras convallis metus gravida, efficitur dui sed, viverra risus. Pellentesque vel neque orci. Integer et tortor nec justo rutrum hendrerit non quis eros.
Fusce egestas enim lacus. Nunc bibendum est libero. Ut faucibus aliquet magna, in finibus felis laoreet vitae. Vivamus et orci sed nisi tempor tempus. In pellentesque semper felis. Fusce sollicitudin metus eros, vel laoreet eros lobortis eu. Suspendisse tempus molestie ultricies. Duis tempor accumsan est id posuere. Mauris rutrum lectus elit, vel vehicula quam aliquet eu. Donec turpis enim, laoreet quis pellentesque at, tincidunt at orci. In hac habitasse platea dictumst. Mauris magna nibh, vehicula nec leo eget, sagittis maximus nunc.
Aliquam erat volutpat. Proin in urna ac lacus finibus eleifend. Vivamus aliquet varius leo eget malesuada. Aenean libero massa, posuere at massa nec, bibendum rhoncus elit. Aenean consequat erat tortor, a venenatis lacus tincidunt non. Vivamus iaculis neque sed hendrerit sagittis. Nam nec varius eros. Vestibulum posuere nulla enim, eget suscipit diam rutrum eget. Donec fermentum risus arcu, feugiat faucibus tellus pellentesque sit amet. Integer blandit magna suscipit commodo finibus. Etiam commodo risus eros, nec vehicula est placerat id. Praesent quis viverra lectus. Mauris egestas facilisis quam tempor feugiat. Morbi consectetur condimentum nisi, a finibus massa euismod at. Cras id laoreet dolor.
Aenean sed efficitur turpis. Vestibulum quis interdum lectus. Phasellus euismod erat sed dui tincidunt, eget posuere nisl fermentum. In hac habitasse platea dictumst. Vestibulum fermentum magna eget tellus bibendum luctus. Etiam mollis, quam sed sagittis ultricies, erat lectus viverra augue, id ultricies sapien dui a ligula. Nullam aliquet leo condimentum dignissim aliquam. Nulla facilisi. Nulla vitae metus nec enim aliquam tempor sit amet ac massa. Lorem ipsum dolor sit amet, consectetur adipiscing elit. Nam vestibulum velit nec nunc ultricies auctor.
Vivamus sagittis augue ac metus vulputate, a volutpat neque fringilla. Nulla quis massa velit. Maecenas semper nisl nibh, vitae ultrices nibh accumsan tincidunt. Phasellus nec finibus diam. Nunc sagittis odio elit, et maximus lacus congue a. Vivamus congue maximus nulla, et hendrerit nibh imperdiet a. Donec accumsan tristique bibendum. Maecenas mauris dolor, pellentesque vitae vestibulum id, pretium condimentum augue. Nam iaculis rhoncus elit non semper. Cras aliquam rhoncus nunc non imperdiet. Nunc tincidunt eu neque gravida tempus. Vestibulum at felis a libero aliquam interdum eget ut elit. ', 
  1, 1, 1),
  (4, 'Foto Mantan Terindah', '04.jpg', 
  '
  Lorem ipsum dolor sit amet, consectetur adipiscing elit. Ut porta massa sapien, id sollicitudin purus congue sed. Sed varius eros sed dolor posuere porta. Lorem ipsum dolor sit amet, consectetur adipiscing elit. Pellentesque sed varius elit. In hac habitasse platea dictumst. Proin maximus, sem et finibus varius, leo est congue massa, aliquet fermentum quam felis quis augue. Cras convallis metus gravida, efficitur dui sed, viverra risus. Pellentesque vel neque orci. Integer et tortor nec justo rutrum hendrerit non quis eros.
  ', 
  '
  Lorem ipsum dolor sit amet, consectetur adipiscing elit. Ut porta massa sapien, id sollicitudin purus congue sed. Sed varius eros sed dolor posuere porta. Lorem ipsum dolor sit amet, consectetur adipiscing elit. Pellentesque sed varius elit. In hac habitasse platea dictumst. Proin maximus, sem et finibus varius, leo est congue massa, aliquet fermentum quam felis quis augue. Cras convallis metus gravida, efficitur dui sed, viverra risus. Pellentesque vel neque orci. Integer et tortor nec justo rutrum hendrerit non quis eros.
Fusce egestas enim lacus. Nunc bibendum est libero. Ut faucibus aliquet magna, in finibus felis laoreet vitae. Vivamus et orci sed nisi tempor tempus. In pellentesque semper felis. Fusce sollicitudin metus eros, vel laoreet eros lobortis eu. Suspendisse tempus molestie ultricies. Duis tempor accumsan est id posuere. Mauris rutrum lectus elit, vel vehicula quam aliquet eu. Donec turpis enim, laoreet quis pellentesque at, tincidunt at orci. In hac habitasse platea dictumst. Mauris magna nibh, vehicula nec leo eget, sagittis maximus nunc.
Aliquam erat volutpat. Proin in urna ac lacus finibus eleifend. Vivamus aliquet varius leo eget malesuada. Aenean libero massa, posuere at massa nec, bibendum rhoncus elit. Aenean consequat erat tortor, a venenatis lacus tincidunt non. Vivamus iaculis neque sed hendrerit sagittis. Nam nec varius eros. Vestibulum posuere nulla enim, eget suscipit diam rutrum eget. Donec fermentum risus arcu, feugiat faucibus tellus pellentesque sit amet. Integer blandit magna suscipit commodo finibus. Etiam commodo risus eros, nec vehicula est placerat id. Praesent quis viverra lectus. Mauris egestas facilisis quam tempor feugiat. Morbi consectetur condimentum nisi, a finibus massa euismod at. Cras id laoreet dolor.
Aenean sed efficitur turpis. Vestibulum quis interdum lectus. Phasellus euismod erat sed dui tincidunt, eget posuere nisl fermentum. In hac habitasse platea dictumst. Vestibulum fermentum magna eget tellus bibendum luctus. Etiam mollis, quam sed sagittis ultricies, erat lectus viverra augue, id ultricies sapien dui a ligula. Nullam aliquet leo condimentum dignissim aliquam. Nulla facilisi. Nulla vitae metus nec enim aliquam tempor sit amet ac massa. Lorem ipsum dolor sit amet, consectetur adipiscing elit. Nam vestibulum velit nec nunc ultricies auctor.
Vivamus sagittis augue ac metus vulputate, a volutpat neque fringilla. Nulla quis massa velit. Maecenas semper nisl nibh, vitae ultrices nibh accumsan tincidunt. Phasellus nec finibus diam. Nunc sagittis odio elit, et maximus lacus congue a. Vivamus congue maximus nulla, et hendrerit nibh imperdiet a. Donec accumsan tristique bibendum. Maecenas mauris dolor, pellentesque vitae vestibulum id, pretium condimentum augue. Nam iaculis rhoncus elit non semper. Cras aliquam rhoncus nunc non imperdiet. Nunc tincidunt eu neque gravida tempus. Vestibulum at felis a libero aliquam interdum eget ut elit. ', 
  3, 1, 1),
    (5, 'Karya Tulis SadBoi', '05.jpg', 
  '
  Lorem ipsum dolor sit amet, consectetur adipiscing elit. Ut porta massa sapien, id sollicitudin purus congue sed. Sed varius eros sed dolor posuere porta. Lorem ipsum dolor sit amet, consectetur adipiscing elit. Pellentesque sed varius elit. In hac habitasse platea dictumst. Proin maximus, sem et finibus varius, leo est congue massa, aliquet fermentum quam felis quis augue. Cras convallis metus gravida, efficitur dui sed, viverra risus. Pellentesque vel neque orci. Integer et tortor nec justo rutrum hendrerit non quis eros.
  ', 
  '
  Lorem ipsum dolor sit amet, consectetur adipiscing elit. Ut porta massa sapien, id sollicitudin purus congue sed. Sed varius eros sed dolor posuere porta. Lorem ipsum dolor sit amet, consectetur adipiscing elit. Pellentesque sed varius elit. In hac habitasse platea dictumst. Proin maximus, sem et finibus varius, leo est congue massa, aliquet fermentum quam felis quis augue. Cras convallis metus gravida, efficitur dui sed, viverra risus. Pellentesque vel neque orci. Integer et tortor nec justo rutrum hendrerit non quis eros.
Fusce egestas enim lacus. Nunc bibendum est libero. Ut faucibus aliquet magna, in finibus felis laoreet vitae. Vivamus et orci sed nisi tempor tempus. In pellentesque semper felis. Fusce sollicitudin metus eros, vel laoreet eros lobortis eu. Suspendisse tempus molestie ultricies. Duis tempor accumsan est id posuere. Mauris rutrum lectus elit, vel vehicula quam aliquet eu. Donec turpis enim, laoreet quis pellentesque at, tincidunt at orci. In hac habitasse platea dictumst. Mauris magna nibh, vehicula nec leo eget, sagittis maximus nunc.
Aliquam erat volutpat. Proin in urna ac lacus finibus eleifend. Vivamus aliquet varius leo eget malesuada. Aenean libero massa, posuere at massa nec, bibendum rhoncus elit. Aenean consequat erat tortor, a venenatis lacus tincidunt non. Vivamus iaculis neque sed hendrerit sagittis. Nam nec varius eros. Vestibulum posuere nulla enim, eget suscipit diam rutrum eget. Donec fermentum risus arcu, feugiat faucibus tellus pellentesque sit amet. Integer blandit magna suscipit commodo finibus. Etiam commodo risus eros, nec vehicula est placerat id. Praesent quis viverra lectus. Mauris egestas facilisis quam tempor feugiat. Morbi consectetur condimentum nisi, a finibus massa euismod at. Cras id laoreet dolor.
Aenean sed efficitur turpis. Vestibulum quis interdum lectus. Phasellus euismod erat sed dui tincidunt, eget posuere nisl fermentum. In hac habitasse platea dictumst. Vestibulum fermentum magna eget tellus bibendum luctus. Etiam mollis, quam sed sagittis ultricies, erat lectus viverra augue, id ultricies sapien dui a ligula. Nullam aliquet leo condimentum dignissim aliquam. Nulla facilisi. Nulla vitae metus nec enim aliquam tempor sit amet ac massa. Lorem ipsum dolor sit amet, consectetur adipiscing elit. Nam vestibulum velit nec nunc ultricies auctor.
Vivamus sagittis augue ac metus vulputate, a volutpat neque fringilla. Nulla quis massa velit. Maecenas semper nisl nibh, vitae ultrices nibh accumsan tincidunt. Phasellus nec finibus diam. Nunc sagittis odio elit, et maximus lacus congue a. Vivamus congue maximus nulla, et hendrerit nibh imperdiet a. Donec accumsan tristique bibendum. Maecenas mauris dolor, pellentesque vitae vestibulum id, pretium condimentum augue. Nam iaculis rhoncus elit non semper. Cras aliquam rhoncus nunc non imperdiet. Nunc tincidunt eu neque gravida tempus. Vestibulum at felis a libero aliquam interdum eget ut elit. ', 
  4, 1, 1),
  (6, 'Berdebat Tanpa Suara', '06.jpg', 
  '
  Lorem ipsum dolor sit amet, consectetur adipiscing elit. Ut porta massa sapien, id sollicitudin purus congue sed. Sed varius eros sed dolor posuere porta. Lorem ipsum dolor sit amet, consectetur adipiscing elit. Pellentesque sed varius elit. In hac habitasse platea dictumst. Proin maximus, sem et finibus varius, leo est congue massa, aliquet fermentum quam felis quis augue. Cras convallis metus gravida, efficitur dui sed, viverra risus. Pellentesque vel neque orci. Integer et tortor nec justo rutrum hendrerit non quis eros.
  ', 
  '
  Lorem ipsum dolor sit amet, consectetur adipiscing elit. Ut porta massa sapien, id sollicitudin purus congue sed. Sed varius eros sed dolor posuere porta. Lorem ipsum dolor sit amet, consectetur adipiscing elit. Pellentesque sed varius elit. In hac habitasse platea dictumst. Proin maximus, sem et finibus varius, leo est congue massa, aliquet fermentum quam felis quis augue. Cras convallis metus gravida, efficitur dui sed, viverra risus. Pellentesque vel neque orci. Integer et tortor nec justo rutrum hendrerit non quis eros.
Fusce egestas enim lacus. Nunc bibendum est libero. Ut faucibus aliquet magna, in finibus felis laoreet vitae. Vivamus et orci sed nisi tempor tempus. In pellentesque semper felis. Fusce sollicitudin metus eros, vel laoreet eros lobortis eu. Suspendisse tempus molestie ultricies. Duis tempor accumsan est id posuere. Mauris rutrum lectus elit, vel vehicula quam aliquet eu. Donec turpis enim, laoreet quis pellentesque at, tincidunt at orci. In hac habitasse platea dictumst. Mauris magna nibh, vehicula nec leo eget, sagittis maximus nunc.
Aliquam erat volutpat. Proin in urna ac lacus finibus eleifend. Vivamus aliquet varius leo eget malesuada. Aenean libero massa, posuere at massa nec, bibendum rhoncus elit. Aenean consequat erat tortor, a venenatis lacus tincidunt non. Vivamus iaculis neque sed hendrerit sagittis. Nam nec varius eros. Vestibulum posuere nulla enim, eget suscipit diam rutrum eget. Donec fermentum risus arcu, feugiat faucibus tellus pellentesque sit amet. Integer blandit magna suscipit commodo finibus. Etiam commodo risus eros, nec vehicula est placerat id. Praesent quis viverra lectus. Mauris egestas facilisis quam tempor feugiat. Morbi consectetur condimentum nisi, a finibus massa euismod at. Cras id laoreet dolor.
Aenean sed efficitur turpis. Vestibulum quis interdum lectus. Phasellus euismod erat sed dui tincidunt, eget posuere nisl fermentum. In hac habitasse platea dictumst. Vestibulum fermentum magna eget tellus bibendum luctus. Etiam mollis, quam sed sagittis ultricies, erat lectus viverra augue, id ultricies sapien dui a ligula. Nullam aliquet leo condimentum dignissim aliquam. Nulla facilisi. Nulla vitae metus nec enim aliquam tempor sit amet ac massa. Lorem ipsum dolor sit amet, consectetur adipiscing elit. Nam vestibulum velit nec nunc ultricies auctor.
Vivamus sagittis augue ac metus vulputate, a volutpat neque fringilla. Nulla quis massa velit. Maecenas semper nisl nibh, vitae ultrices nibh accumsan tincidunt. Phasellus nec finibus diam. Nunc sagittis odio elit, et maximus lacus congue a. Vivamus congue maximus nulla, et hendrerit nibh imperdiet a. Donec accumsan tristique bibendum. Maecenas mauris dolor, pellentesque vitae vestibulum id, pretium condimentum augue. Nam iaculis rhoncus elit non semper. Cras aliquam rhoncus nunc non imperdiet. Nunc tincidunt eu neque gravida tempus. Vestibulum at felis a libero aliquam interdum eget ut elit. ', 
  5, 1, 1),
    (7, 'Lompat Katak Dalam Tempurung', '07.jpg', 
  '
  Lorem ipsum dolor sit amet, consectetur adipiscing elit. Ut porta massa sapien, id sollicitudin purus congue sed. Sed varius eros sed dolor posuere porta. Lorem ipsum dolor sit amet, consectetur adipiscing elit. Pellentesque sed varius elit. In hac habitasse platea dictumst. Proin maximus, sem et finibus varius, leo est congue massa, aliquet fermentum quam felis quis augue. Cras convallis metus gravida, efficitur dui sed, viverra risus. Pellentesque vel neque orci. Integer et tortor nec justo rutrum hendrerit non quis eros.
  ', 
  '
  Lorem ipsum dolor sit amet, consectetur adipiscing elit. Ut porta massa sapien, id sollicitudin purus congue sed. Sed varius eros sed dolor posuere porta. Lorem ipsum dolor sit amet, consectetur adipiscing elit. Pellentesque sed varius elit. In hac habitasse platea dictumst. Proin maximus, sem et finibus varius, leo est congue massa, aliquet fermentum quam felis quis augue. Cras convallis metus gravida, efficitur dui sed, viverra risus. Pellentesque vel neque orci. Integer et tortor nec justo rutrum hendrerit non quis eros.
Fusce egestas enim lacus. Nunc bibendum est libero. Ut faucibus aliquet magna, in finibus felis laoreet vitae. Vivamus et orci sed nisi tempor tempus. In pellentesque semper felis. Fusce sollicitudin metus eros, vel laoreet eros lobortis eu. Suspendisse tempus molestie ultricies. Duis tempor accumsan est id posuere. Mauris rutrum lectus elit, vel vehicula quam aliquet eu. Donec turpis enim, laoreet quis pellentesque at, tincidunt at orci. In hac habitasse platea dictumst. Mauris magna nibh, vehicula nec leo eget, sagittis maximus nunc.
Aliquam erat volutpat. Proin in urna ac lacus finibus eleifend. Vivamus aliquet varius leo eget malesuada. Aenean libero massa, posuere at massa nec, bibendum rhoncus elit. Aenean consequat erat tortor, a venenatis lacus tincidunt non. Vivamus iaculis neque sed hendrerit sagittis. Nam nec varius eros. Vestibulum posuere nulla enim, eget suscipit diam rutrum eget. Donec fermentum risus arcu, feugiat faucibus tellus pellentesque sit amet. Integer blandit magna suscipit commodo finibus. Etiam commodo risus eros, nec vehicula est placerat id. Praesent quis viverra lectus. Mauris egestas facilisis quam tempor feugiat. Morbi consectetur condimentum nisi, a finibus massa euismod at. Cras id laoreet dolor.
Aenean sed efficitur turpis. Vestibulum quis interdum lectus. Phasellus euismod erat sed dui tincidunt, eget posuere nisl fermentum. In hac habitasse platea dictumst. Vestibulum fermentum magna eget tellus bibendum luctus. Etiam mollis, quam sed sagittis ultricies, erat lectus viverra augue, id ultricies sapien dui a ligula. Nullam aliquet leo condimentum dignissim aliquam. Nulla facilisi. Nulla vitae metus nec enim aliquam tempor sit amet ac massa. Lorem ipsum dolor sit amet, consectetur adipiscing elit. Nam vestibulum velit nec nunc ultricies auctor.
Vivamus sagittis augue ac metus vulputate, a volutpat neque fringilla. Nulla quis massa velit. Maecenas semper nisl nibh, vitae ultrices nibh accumsan tincidunt. Phasellus nec finibus diam. Nunc sagittis odio elit, et maximus lacus congue a. Vivamus congue maximus nulla, et hendrerit nibh imperdiet a. Donec accumsan tristique bibendum. Maecenas mauris dolor, pellentesque vitae vestibulum id, pretium condimentum augue. Nam iaculis rhoncus elit non semper. Cras aliquam rhoncus nunc non imperdiet. Nunc tincidunt eu neque gravida tempus. Vestibulum at felis a libero aliquam interdum eget ut elit. ', 
  6, 1, 1),
  (8, 'ZUMA CHAMPION', '08.jpg', 
  '
  Lorem ipsum dolor sit amet, consectetur adipiscing elit. Ut porta massa sapien, id sollicitudin purus congue sed. Sed varius eros sed dolor posuere porta. Lorem ipsum dolor sit amet, consectetur adipiscing elit. Pellentesque sed varius elit. In hac habitasse platea dictumst. Proin maximus, sem et finibus varius, leo est congue massa, aliquet fermentum quam felis quis augue. Cras convallis metus gravida, efficitur dui sed, viverra risus. Pellentesque vel neque orci. Integer et tortor nec justo rutrum hendrerit non quis eros.
  ', 
  '
  Lorem ipsum dolor sit amet, consectetur adipiscing elit. Ut porta massa sapien, id sollicitudin purus congue sed. Sed varius eros sed dolor posuere porta. Lorem ipsum dolor sit amet, consectetur adipiscing elit. Pellentesque sed varius elit. In hac habitasse platea dictumst. Proin maximus, sem et finibus varius, leo est congue massa, aliquet fermentum quam felis quis augue. Cras convallis metus gravida, efficitur dui sed, viverra risus. Pellentesque vel neque orci. Integer et tortor nec justo rutrum hendrerit non quis eros.
Fusce egestas enim lacus. Nunc bibendum est libero. Ut faucibus aliquet magna, in finibus felis laoreet vitae. Vivamus et orci sed nisi tempor tempus. In pellentesque semper felis. Fusce sollicitudin metus eros, vel laoreet eros lobortis eu. Suspendisse tempus molestie ultricies. Duis tempor accumsan est id posuere. Mauris rutrum lectus elit, vel vehicula quam aliquet eu. Donec turpis enim, laoreet quis pellentesque at, tincidunt at orci. In hac habitasse platea dictumst. Mauris magna nibh, vehicula nec leo eget, sagittis maximus nunc.
Aliquam erat volutpat. Proin in urna ac lacus finibus eleifend. Vivamus aliquet varius leo eget malesuada. Aenean libero massa, posuere at massa nec, bibendum rhoncus elit. Aenean consequat erat tortor, a venenatis lacus tincidunt non. Vivamus iaculis neque sed hendrerit sagittis. Nam nec varius eros. Vestibulum posuere nulla enim, eget suscipit diam rutrum eget. Donec fermentum risus arcu, feugiat faucibus tellus pellentesque sit amet. Integer blandit magna suscipit commodo finibus. Etiam commodo risus eros, nec vehicula est placerat id. Praesent quis viverra lectus. Mauris egestas facilisis quam tempor feugiat. Morbi consectetur condimentum nisi, a finibus massa euismod at. Cras id laoreet dolor.
Aenean sed efficitur turpis. Vestibulum quis interdum lectus. Phasellus euismod erat sed dui tincidunt, eget posuere nisl fermentum. In hac habitasse platea dictumst. Vestibulum fermentum magna eget tellus bibendum luctus. Etiam mollis, quam sed sagittis ultricies, erat lectus viverra augue, id ultricies sapien dui a ligula. Nullam aliquet leo condimentum dignissim aliquam. Nulla facilisi. Nulla vitae metus nec enim aliquam tempor sit amet ac massa. Lorem ipsum dolor sit amet, consectetur adipiscing elit. Nam vestibulum velit nec nunc ultricies auctor.
Vivamus sagittis augue ac metus vulputate, a volutpat neque fringilla. Nulla quis massa velit. Maecenas semper nisl nibh, vitae ultrices nibh accumsan tincidunt. Phasellus nec finibus diam. Nunc sagittis odio elit, et maximus lacus congue a. Vivamus congue maximus nulla, et hendrerit nibh imperdiet a. Donec accumsan tristique bibendum. Maecenas mauris dolor, pellentesque vitae vestibulum id, pretium condimentum augue. Nam iaculis rhoncus elit non semper. Cras aliquam rhoncus nunc non imperdiet. Nunc tincidunt eu neque gravida tempus. Vestibulum at felis a libero aliquam interdum eget ut elit. ', 
  7, 1, 1),
  (9, '25 !! HAHAHAHAHA', '09.jpg', 
  '
  Lorem ipsum dolor sit amet, consectetur adipiscing elit. Ut porta massa sapien, id sollicitudin purus congue sed. Sed varius eros sed dolor posuere porta. Lorem ipsum dolor sit amet, consectetur adipiscing elit. Pellentesque sed varius elit. In hac habitasse platea dictumst. Proin maximus, sem et finibus varius, leo est congue massa, aliquet fermentum quam felis quis augue. Cras convallis metus gravida, efficitur dui sed, viverra risus. Pellentesque vel neque orci. Integer et tortor nec justo rutrum hendrerit non quis eros.
  ', 
  '
  Lorem ipsum dolor sit amet, consectetur adipiscing elit. Ut porta massa sapien, id sollicitudin purus congue sed. Sed varius eros sed dolor posuere porta. Lorem ipsum dolor sit amet, consectetur adipiscing elit. Pellentesque sed varius elit. In hac habitasse platea dictumst. Proin maximus, sem et finibus varius, leo est congue massa, aliquet fermentum quam felis quis augue. Cras convallis metus gravida, efficitur dui sed, viverra risus. Pellentesque vel neque orci. Integer et tortor nec justo rutrum hendrerit non quis eros.
Fusce egestas enim lacus. Nunc bibendum est libero. Ut faucibus aliquet magna, in finibus felis laoreet vitae. Vivamus et orci sed nisi tempor tempus. In pellentesque semper felis. Fusce sollicitudin metus eros, vel laoreet eros lobortis eu. Suspendisse tempus molestie ultricies. Duis tempor accumsan est id posuere. Mauris rutrum lectus elit, vel vehicula quam aliquet eu. Donec turpis enim, laoreet quis pellentesque at, tincidunt at orci. In hac habitasse platea dictumst. Mauris magna nibh, vehicula nec leo eget, sagittis maximus nunc.
Aliquam erat volutpat. Proin in urna ac lacus finibus eleifend. Vivamus aliquet varius leo eget malesuada. Aenean libero massa, posuere at massa nec, bibendum rhoncus elit. Aenean consequat erat tortor, a venenatis lacus tincidunt non. Vivamus iaculis neque sed hendrerit sagittis. Nam nec varius eros. Vestibulum posuere nulla enim, eget suscipit diam rutrum eget. Donec fermentum risus arcu, feugiat faucibus tellus pellentesque sit amet. Integer blandit magna suscipit commodo finibus. Etiam commodo risus eros, nec vehicula est placerat id. Praesent quis viverra lectus. Mauris egestas facilisis quam tempor feugiat. Morbi consectetur condimentum nisi, a finibus massa euismod at. Cras id laoreet dolor.
Aenean sed efficitur turpis. Vestibulum quis interdum lectus. Phasellus euismod erat sed dui tincidunt, eget posuere nisl fermentum. In hac habitasse platea dictumst. Vestibulum fermentum magna eget tellus bibendum luctus. Etiam mollis, quam sed sagittis ultricies, erat lectus viverra augue, id ultricies sapien dui a ligula. Nullam aliquet leo condimentum dignissim aliquam. Nulla facilisi. Nulla vitae metus nec enim aliquam tempor sit amet ac massa. Lorem ipsum dolor sit amet, consectetur adipiscing elit. Nam vestibulum velit nec nunc ultricies auctor.
Vivamus sagittis augue ac metus vulputate, a volutpat neque fringilla. Nulla quis massa velit. Maecenas semper nisl nibh, vitae ultrices nibh accumsan tincidunt. Phasellus nec finibus diam. Nunc sagittis odio elit, et maximus lacus congue a. Vivamus congue maximus nulla, et hendrerit nibh imperdiet a. Donec accumsan tristique bibendum. Maecenas mauris dolor, pellentesque vitae vestibulum id, pretium condimentum augue. Nam iaculis rhoncus elit non semper. Cras aliquam rhoncus nunc non imperdiet. Nunc tincidunt eu neque gravida tempus. Vestibulum at felis a libero aliquam interdum eget ut elit. ', 
  8, 1, 1),
    (10, 'PERADABAN', '10.jpg', 
  '
  Lorem ipsum dolor sit amet, consectetur adipiscing elit. Ut porta massa sapien, id sollicitudin purus congue sed. Sed varius eros sed dolor posuere porta. Lorem ipsum dolor sit amet, consectetur adipiscing elit. Pellentesque sed varius elit. In hac habitasse platea dictumst. Proin maximus, sem et finibus varius, leo est congue massa, aliquet fermentum quam felis quis augue. Cras convallis metus gravida, efficitur dui sed, viverra risus. Pellentesque vel neque orci. Integer et tortor nec justo rutrum hendrerit non quis eros.
  ', 
  '
  Lorem ipsum dolor sit amet, consectetur adipiscing elit. Ut porta massa sapien, id sollicitudin purus congue sed. Sed varius eros sed dolor posuere porta. Lorem ipsum dolor sit amet, consectetur adipiscing elit. Pellentesque sed varius elit. In hac habitasse platea dictumst. Proin maximus, sem et finibus varius, leo est congue massa, aliquet fermentum quam felis quis augue. Cras convallis metus gravida, efficitur dui sed, viverra risus. Pellentesque vel neque orci. Integer et tortor nec justo rutrum hendrerit non quis eros.
Fusce egestas enim lacus. Nunc bibendum est libero. Ut faucibus aliquet magna, in finibus felis laoreet vitae. Vivamus et orci sed nisi tempor tempus. In pellentesque semper felis. Fusce sollicitudin metus eros, vel laoreet eros lobortis eu. Suspendisse tempus molestie ultricies. Duis tempor accumsan est id posuere. Mauris rutrum lectus elit, vel vehicula quam aliquet eu. Donec turpis enim, laoreet quis pellentesque at, tincidunt at orci. In hac habitasse platea dictumst. Mauris magna nibh, vehicula nec leo eget, sagittis maximus nunc.
Aliquam erat volutpat. Proin in urna ac lacus finibus eleifend. Vivamus aliquet varius leo eget malesuada. Aenean libero massa, posuere at massa nec, bibendum rhoncus elit. Aenean consequat erat tortor, a venenatis lacus tincidunt non. Vivamus iaculis neque sed hendrerit sagittis. Nam nec varius eros. Vestibulum posuere nulla enim, eget suscipit diam rutrum eget. Donec fermentum risus arcu, feugiat faucibus tellus pellentesque sit amet. Integer blandit magna suscipit commodo finibus. Etiam commodo risus eros, nec vehicula est placerat id. Praesent quis viverra lectus. Mauris egestas facilisis quam tempor feugiat. Morbi consectetur condimentum nisi, a finibus massa euismod at. Cras id laoreet dolor.
Aenean sed efficitur turpis. Vestibulum quis interdum lectus. Phasellus euismod erat sed dui tincidunt, eget posuere nisl fermentum. In hac habitasse platea dictumst. Vestibulum fermentum magna eget tellus bibendum luctus. Etiam mollis, quam sed sagittis ultricies, erat lectus viverra augue, id ultricies sapien dui a ligula. Nullam aliquet leo condimentum dignissim aliquam. Nulla facilisi. Nulla vitae metus nec enim aliquam tempor sit amet ac massa. Lorem ipsum dolor sit amet, consectetur adipiscing elit. Nam vestibulum velit nec nunc ultricies auctor.
Vivamus sagittis augue ac metus vulputate, a volutpat neque fringilla. Nulla quis massa velit. Maecenas semper nisl nibh, vitae ultrices nibh accumsan tincidunt. Phasellus nec finibus diam. Nunc sagittis odio elit, et maximus lacus congue a. Vivamus congue maximus nulla, et hendrerit nibh imperdiet a. Donec accumsan tristique bibendum. Maecenas mauris dolor, pellentesque vitae vestibulum id, pretium condimentum augue. Nam iaculis rhoncus elit non semper. Cras aliquam rhoncus nunc non imperdiet. Nunc tincidunt eu neque gravida tempus. Vestibulum at felis a libero aliquam interdum eget ut elit. ', 
  2, 1, 1),
    (11, 'TARIK TAMBANG DAN HUBUNGAN', '11.png', 
  '
  Lorem ipsum dolor sit amet, consectetur adipiscing elit. Ut porta massa sapien, id sollicitudin purus congue sed. Sed varius eros sed dolor posuere porta. Lorem ipsum dolor sit amet, consectetur adipiscing elit. Pellentesque sed varius elit. In hac habitasse platea dictumst. Proin maximus, sem et finibus varius, leo est congue massa, aliquet fermentum quam felis quis augue. Cras convallis metus gravida, efficitur dui sed, viverra risus. Pellentesque vel neque orci. Integer et tortor nec justo rutrum hendrerit non quis eros.
  ', 
  '
  Lorem ipsum dolor sit amet, consectetur adipiscing elit. Ut porta massa sapien, id sollicitudin purus congue sed. Sed varius eros sed dolor posuere porta. Lorem ipsum dolor sit amet, consectetur adipiscing elit. Pellentesque sed varius elit. In hac habitasse platea dictumst. Proin maximus, sem et finibus varius, leo est congue massa, aliquet fermentum quam felis quis augue. Cras convallis metus gravida, efficitur dui sed, viverra risus. Pellentesque vel neque orci. Integer et tortor nec justo rutrum hendrerit non quis eros.
Fusce egestas enim lacus. Nunc bibendum est libero. Ut faucibus aliquet magna, in finibus felis laoreet vitae. Vivamus et orci sed nisi tempor tempus. In pellentesque semper felis. Fusce sollicitudin metus eros, vel laoreet eros lobortis eu. Suspendisse tempus molestie ultricies. Duis tempor accumsan est id posuere. Mauris rutrum lectus elit, vel vehicula quam aliquet eu. Donec turpis enim, laoreet quis pellentesque at, tincidunt at orci. In hac habitasse platea dictumst. Mauris magna nibh, vehicula nec leo eget, sagittis maximus nunc.
Aliquam erat volutpat. Proin in urna ac lacus finibus eleifend. Vivamus aliquet varius leo eget malesuada. Aenean libero massa, posuere at massa nec, bibendum rhoncus elit. Aenean consequat erat tortor, a venenatis lacus tincidunt non. Vivamus iaculis neque sed hendrerit sagittis. Nam nec varius eros. Vestibulum posuere nulla enim, eget suscipit diam rutrum eget. Donec fermentum risus arcu, feugiat faucibus tellus pellentesque sit amet. Integer blandit magna suscipit commodo finibus. Etiam commodo risus eros, nec vehicula est placerat id. Praesent quis viverra lectus. Mauris egestas facilisis quam tempor feugiat. Morbi consectetur condimentum nisi, a finibus massa euismod at. Cras id laoreet dolor.
Aenean sed efficitur turpis. Vestibulum quis interdum lectus. Phasellus euismod erat sed dui tincidunt, eget posuere nisl fermentum. In hac habitasse platea dictumst. Vestibulum fermentum magna eget tellus bibendum luctus. Etiam mollis, quam sed sagittis ultricies, erat lectus viverra augue, id ultricies sapien dui a ligula. Nullam aliquet leo condimentum dignissim aliquam. Nulla facilisi. Nulla vitae metus nec enim aliquam tempor sit amet ac massa. Lorem ipsum dolor sit amet, consectetur adipiscing elit. Nam vestibulum velit nec nunc ultricies auctor.
Vivamus sagittis augue ac metus vulputate, a volutpat neque fringilla. Nulla quis massa velit. Maecenas semper nisl nibh, vitae ultrices nibh accumsan tincidunt. Phasellus nec finibus diam. Nunc sagittis odio elit, et maximus lacus congue a. Vivamus congue maximus nulla, et hendrerit nibh imperdiet a. Donec accumsan tristique bibendum. Maecenas mauris dolor, pellentesque vitae vestibulum id, pretium condimentum augue. Nam iaculis rhoncus elit non semper. Cras aliquam rhoncus nunc non imperdiet. Nunc tincidunt eu neque gravida tempus. Vestibulum at felis a libero aliquam interdum eget ut elit. ', 
  6, 1, 1),
    (12, 'Berburu Foto Ghost', '11.jpg', 
  '
  Lorem ipsum dolor sit amet, consectetur adipiscing elit. Ut porta massa sapien, id sollicitudin purus congue sed. Sed varius eros sed dolor posuere porta. Lorem ipsum dolor sit amet, consectetur adipiscing elit. Pellentesque sed varius elit. In hac habitasse platea dictumst. Proin maximus, sem et finibus varius, leo est congue massa, aliquet fermentum quam felis quis augue. Cras convallis metus gravida, efficitur dui sed, viverra risus. Pellentesque vel neque orci. Integer et tortor nec justo rutrum hendrerit non quis eros.
  ', 
  '
  Lorem ipsum dolor sit amet, consectetur adipiscing elit. Ut porta massa sapien, id sollicitudin purus congue sed. Sed varius eros sed dolor posuere porta. Lorem ipsum dolor sit amet, consectetur adipiscing elit. Pellentesque sed varius elit. In hac habitasse platea dictumst. Proin maximus, sem et finibus varius, leo est congue massa, aliquet fermentum quam felis quis augue. Cras convallis metus gravida, efficitur dui sed, viverra risus. Pellentesque vel neque orci. Integer et tortor nec justo rutrum hendrerit non quis eros.
Fusce egestas enim lacus. Nunc bibendum est libero. Ut faucibus aliquet magna, in finibus felis laoreet vitae. Vivamus et orci sed nisi tempor tempus. In pellentesque semper felis. Fusce sollicitudin metus eros, vel laoreet eros lobortis eu. Suspendisse tempus molestie ultricies. Duis tempor accumsan est id posuere. Mauris rutrum lectus elit, vel vehicula quam aliquet eu. Donec turpis enim, laoreet quis pellentesque at, tincidunt at orci. In hac habitasse platea dictumst. Mauris magna nibh, vehicula nec leo eget, sagittis maximus nunc.
Aliquam erat volutpat. Proin in urna ac lacus finibus eleifend. Vivamus aliquet varius leo eget malesuada. Aenean libero massa, posuere at massa nec, bibendum rhoncus elit. Aenean consequat erat tortor, a venenatis lacus tincidunt non. Vivamus iaculis neque sed hendrerit sagittis. Nam nec varius eros. Vestibulum posuere nulla enim, eget suscipit diam rutrum eget. Donec fermentum risus arcu, feugiat faucibus tellus pellentesque sit amet. Integer blandit magna suscipit commodo finibus. Etiam commodo risus eros, nec vehicula est placerat id. Praesent quis viverra lectus. Mauris egestas facilisis quam tempor feugiat. Morbi consectetur condimentum nisi, a finibus massa euismod at. Cras id laoreet dolor.
Aenean sed efficitur turpis. Vestibulum quis interdum lectus. Phasellus euismod erat sed dui tincidunt, eget posuere nisl fermentum. In hac habitasse platea dictumst. Vestibulum fermentum magna eget tellus bibendum luctus. Etiam mollis, quam sed sagittis ultricies, erat lectus viverra augue, id ultricies sapien dui a ligula. Nullam aliquet leo condimentum dignissim aliquam. Nulla facilisi. Nulla vitae metus nec enim aliquam tempor sit amet ac massa. Lorem ipsum dolor sit amet, consectetur adipiscing elit. Nam vestibulum velit nec nunc ultricies auctor.
Vivamus sagittis augue ac metus vulputate, a volutpat neque fringilla. Nulla quis massa velit. Maecenas semper nisl nibh, vitae ultrices nibh accumsan tincidunt. Phasellus nec finibus diam. Nunc sagittis odio elit, et maximus lacus congue a. Vivamus congue maximus nulla, et hendrerit nibh imperdiet a. Donec accumsan tristique bibendum. Maecenas mauris dolor, pellentesque vitae vestibulum id, pretium condimentum augue. Nam iaculis rhoncus elit non semper. Cras aliquam rhoncus nunc non imperdiet. Nunc tincidunt eu neque gravida tempus. Vestibulum at felis a libero aliquam interdum eget ut elit. ', 
  3, 1, 1),
    (13, 'Menulis di Udara', '12.jpg', 
  '
  Lorem ipsum dolor sit amet, consectetur adipiscing elit. Ut porta massa sapien, id sollicitudin purus congue sed. Sed varius eros sed dolor posuere porta. Lorem ipsum dolor sit amet, consectetur adipiscing elit. Pellentesque sed varius elit. In hac habitasse platea dictumst. Proin maximus, sem et finibus varius, leo est congue massa, aliquet fermentum quam felis quis augue. Cras convallis metus gravida, efficitur dui sed, viverra risus. Pellentesque vel neque orci. Integer et tortor nec justo rutrum hendrerit non quis eros.
  ', 
  '
  Lorem ipsum dolor sit amet, consectetur adipiscing elit. Ut porta massa sapien, id sollicitudin purus congue sed. Sed varius eros sed dolor posuere porta. Lorem ipsum dolor sit amet, consectetur adipiscing elit. Pellentesque sed varius elit. In hac habitasse platea dictumst. Proin maximus, sem et finibus varius, leo est congue massa, aliquet fermentum quam felis quis augue. Cras convallis metus gravida, efficitur dui sed, viverra risus. Pellentesque vel neque orci. Integer et tortor nec justo rutrum hendrerit non quis eros.
Fusce egestas enim lacus. Nunc bibendum est libero. Ut faucibus aliquet magna, in finibus felis laoreet vitae. Vivamus et orci sed nisi tempor tempus. In pellentesque semper felis. Fusce sollicitudin metus eros, vel laoreet eros lobortis eu. Suspendisse tempus molestie ultricies. Duis tempor accumsan est id posuere. Mauris rutrum lectus elit, vel vehicula quam aliquet eu. Donec turpis enim, laoreet quis pellentesque at, tincidunt at orci. In hac habitasse platea dictumst. Mauris magna nibh, vehicula nec leo eget, sagittis maximus nunc.
Aliquam erat volutpat. Proin in urna ac lacus finibus eleifend. Vivamus aliquet varius leo eget malesuada. Aenean libero massa, posuere at massa nec, bibendum rhoncus elit. Aenean consequat erat tortor, a venenatis lacus tincidunt non. Vivamus iaculis neque sed hendrerit sagittis. Nam nec varius eros. Vestibulum posuere nulla enim, eget suscipit diam rutrum eget. Donec fermentum risus arcu, feugiat faucibus tellus pellentesque sit amet. Integer blandit magna suscipit commodo finibus. Etiam commodo risus eros, nec vehicula est placerat id. Praesent quis viverra lectus. Mauris egestas facilisis quam tempor feugiat. Morbi consectetur condimentum nisi, a finibus massa euismod at. Cras id laoreet dolor.
Aenean sed efficitur turpis. Vestibulum quis interdum lectus. Phasellus euismod erat sed dui tincidunt, eget posuere nisl fermentum. In hac habitasse platea dictumst. Vestibulum fermentum magna eget tellus bibendum luctus. Etiam mollis, quam sed sagittis ultricies, erat lectus viverra augue, id ultricies sapien dui a ligula. Nullam aliquet leo condimentum dignissim aliquam. Nulla facilisi. Nulla vitae metus nec enim aliquam tempor sit amet ac massa. Lorem ipsum dolor sit amet, consectetur adipiscing elit. Nam vestibulum velit nec nunc ultricies auctor.
Vivamus sagittis augue ac metus vulputate, a volutpat neque fringilla. Nulla quis massa velit. Maecenas semper nisl nibh, vitae ultrices nibh accumsan tincidunt. Phasellus nec finibus diam. Nunc sagittis odio elit, et maximus lacus congue a. Vivamus congue maximus nulla, et hendrerit nibh imperdiet a. Donec accumsan tristique bibendum. Maecenas mauris dolor, pellentesque vitae vestibulum id, pretium condimentum augue. Nam iaculis rhoncus elit non semper. Cras aliquam rhoncus nunc non imperdiet. Nunc tincidunt eu neque gravida tempus. Vestibulum at felis a libero aliquam interdum eget ut elit. ', 
  4, 1, 1),
    (14, 'Adu debat Kalah Bacok', '13.jpg', 
  '
  Lorem ipsum dolor sit amet, consectetur adipiscing elit. Ut porta massa sapien, id sollicitudin purus congue sed. Sed varius eros sed dolor posuere porta. Lorem ipsum dolor sit amet, consectetur adipiscing elit. Pellentesque sed varius elit. In hac habitasse platea dictumst. Proin maximus, sem et finibus varius, leo est congue massa, aliquet fermentum quam felis quis augue. Cras convallis metus gravida, efficitur dui sed, viverra risus. Pellentesque vel neque orci. Integer et tortor nec justo rutrum hendrerit non quis eros.
  ', 
  '
  Lorem ipsum dolor sit amet, consectetur adipiscing elit. Ut porta massa sapien, id sollicitudin purus congue sed. Sed varius eros sed dolor posuere porta. Lorem ipsum dolor sit amet, consectetur adipiscing elit. Pellentesque sed varius elit. In hac habitasse platea dictumst. Proin maximus, sem et finibus varius, leo est congue massa, aliquet fermentum quam felis quis augue. Cras convallis metus gravida, efficitur dui sed, viverra risus. Pellentesque vel neque orci. Integer et tortor nec justo rutrum hendrerit non quis eros.
Fusce egestas enim lacus. Nunc bibendum est libero. Ut faucibus aliquet magna, in finibus felis laoreet vitae. Vivamus et orci sed nisi tempor tempus. In pellentesque semper felis. Fusce sollicitudin metus eros, vel laoreet eros lobortis eu. Suspendisse tempus molestie ultricies. Duis tempor accumsan est id posuere. Mauris rutrum lectus elit, vel vehicula quam aliquet eu. Donec turpis enim, laoreet quis pellentesque at, tincidunt at orci. In hac habitasse platea dictumst. Mauris magna nibh, vehicula nec leo eget, sagittis maximus nunc.
Aliquam erat volutpat. Proin in urna ac lacus finibus eleifend. Vivamus aliquet varius leo eget malesuada. Aenean libero massa, posuere at massa nec, bibendum rhoncus elit. Aenean consequat erat tortor, a venenatis lacus tincidunt non. Vivamus iaculis neque sed hendrerit sagittis. Nam nec varius eros. Vestibulum posuere nulla enim, eget suscipit diam rutrum eget. Donec fermentum risus arcu, feugiat faucibus tellus pellentesque sit amet. Integer blandit magna suscipit commodo finibus. Etiam commodo risus eros, nec vehicula est placerat id. Praesent quis viverra lectus. Mauris egestas facilisis quam tempor feugiat. Morbi consectetur condimentum nisi, a finibus massa euismod at. Cras id laoreet dolor.
Aenean sed efficitur turpis. Vestibulum quis interdum lectus. Phasellus euismod erat sed dui tincidunt, eget posuere nisl fermentum. In hac habitasse platea dictumst. Vestibulum fermentum magna eget tellus bibendum luctus. Etiam mollis, quam sed sagittis ultricies, erat lectus viverra augue, id ultricies sapien dui a ligula. Nullam aliquet leo condimentum dignissim aliquam. Nulla facilisi. Nulla vitae metus nec enim aliquam tempor sit amet ac massa. Lorem ipsum dolor sit amet, consectetur adipiscing elit. Nam vestibulum velit nec nunc ultricies auctor.
Vivamus sagittis augue ac metus vulputate, a volutpat neque fringilla. Nulla quis massa velit. Maecenas semper nisl nibh, vitae ultrices nibh accumsan tincidunt. Phasellus nec finibus diam. Nunc sagittis odio elit, et maximus lacus congue a. Vivamus congue maximus nulla, et hendrerit nibh imperdiet a. Donec accumsan tristique bibendum. Maecenas mauris dolor, pellentesque vitae vestibulum id, pretium condimentum augue. Nam iaculis rhoncus elit non semper. Cras aliquam rhoncus nunc non imperdiet. Nunc tincidunt eu neque gravida tempus. Vestibulum at felis a libero aliquam interdum eget ut elit. ', 
  2, 1, 1),  
    (15, 'Lomba Mengerami Telur', '14.jpg', 
  '
  Lorem ipsum dolor sit amet, consectetur adipiscing elit. Ut porta massa sapien, id sollicitudin purus congue sed. Sed varius eros sed dolor posuere porta. Lorem ipsum dolor sit amet, consectetur adipiscing elit. Pellentesque sed varius elit. In hac habitasse platea dictumst. Proin maximus, sem et finibus varius, leo est congue massa, aliquet fermentum quam felis quis augue. Cras convallis metus gravida, efficitur dui sed, viverra risus. Pellentesque vel neque orci. Integer et tortor nec justo rutrum hendrerit non quis eros.
  ', 
  '
  Lorem ipsum dolor sit amet, consectetur adipiscing elit. Ut porta massa sapien, id sollicitudin purus congue sed. Sed varius eros sed dolor posuere porta. Lorem ipsum dolor sit amet, consectetur adipiscing elit. Pellentesque sed varius elit. In hac habitasse platea dictumst. Proin maximus, sem et finibus varius, leo est congue massa, aliquet fermentum quam felis quis augue. Cras convallis metus gravida, efficitur dui sed, viverra risus. Pellentesque vel neque orci. Integer et tortor nec justo rutrum hendrerit non quis eros.
Fusce egestas enim lacus. Nunc bibendum est libero. Ut faucibus aliquet magna, in finibus felis laoreet vitae. Vivamus et orci sed nisi tempor tempus. In pellentesque semper felis. Fusce sollicitudin metus eros, vel laoreet eros lobortis eu. Suspendisse tempus molestie ultricies. Duis tempor accumsan est id posuere. Mauris rutrum lectus elit, vel vehicula quam aliquet eu. Donec turpis enim, laoreet quis pellentesque at, tincidunt at orci. In hac habitasse platea dictumst. Mauris magna nibh, vehicula nec leo eget, sagittis maximus nunc.
Aliquam erat volutpat. Proin in urna ac lacus finibus eleifend. Vivamus aliquet varius leo eget malesuada. Aenean libero massa, posuere at massa nec, bibendum rhoncus elit. Aenean consequat erat tortor, a venenatis lacus tincidunt non. Vivamus iaculis neque sed hendrerit sagittis. Nam nec varius eros. Vestibulum posuere nulla enim, eget suscipit diam rutrum eget. Donec fermentum risus arcu, feugiat faucibus tellus pellentesque sit amet. Integer blandit magna suscipit commodo finibus. Etiam commodo risus eros, nec vehicula est placerat id. Praesent quis viverra lectus. Mauris egestas facilisis quam tempor feugiat. Morbi consectetur condimentum nisi, a finibus massa euismod at. Cras id laoreet dolor.
Aenean sed efficitur turpis. Vestibulum quis interdum lectus. Phasellus euismod erat sed dui tincidunt, eget posuere nisl fermentum. In hac habitasse platea dictumst. Vestibulum fermentum magna eget tellus bibendum luctus. Etiam mollis, quam sed sagittis ultricies, erat lectus viverra augue, id ultricies sapien dui a ligula. Nullam aliquet leo condimentum dignissim aliquam. Nulla facilisi. Nulla vitae metus nec enim aliquam tempor sit amet ac massa. Lorem ipsum dolor sit amet, consectetur adipiscing elit. Nam vestibulum velit nec nunc ultricies auctor.
Vivamus sagittis augue ac metus vulputate, a volutpat neque fringilla. Nulla quis massa velit. Maecenas semper nisl nibh, vitae ultrices nibh accumsan tincidunt. Phasellus nec finibus diam. Nunc sagittis odio elit, et maximus lacus congue a. Vivamus congue maximus nulla, et hendrerit nibh imperdiet a. Donec accumsan tristique bibendum. Maecenas mauris dolor, pellentesque vitae vestibulum id, pretium condimentum augue. Nam iaculis rhoncus elit non semper. Cras aliquam rhoncus nunc non imperdiet. Nunc tincidunt eu neque gravida tempus. Vestibulum at felis a libero aliquam interdum eget ut elit. ', 
  8, 1, 1),
  (16, 'Mabuk Online', 'IMG_9575.JPG', 'triiiii poloski tripo tri poloski', 'triiiii poloski tripo tri poloskitriiiii poloski tripo tri poloskitriiiii poloski tripo tri poloskitriiiii poloski tripo tri poloskitriiiii poloski tripo tri poloskitriiiii poloski tripo tri poloskitriiiii poloski tripo tri poloskitriiiii poloski tripo tri poloskitriiiii poloski tripo tri poloskitriiiii poloski tripo tri poloskitriiiii poloski tripo tri poloskitriiiii poloski tripo tri poloskitriiiii poloski tripo tri poloskitriiiii poloski tripo tri poloskitriiiii poloski tripo tri poloskitriiiii poloski tripo tri poloskitriiiii poloski tripo tri poloskitriiiii poloski tripo tri poloskitriiiii poloski tripo tri poloskitriiiii poloski tripo tri poloskitriiiii poloski tripo tri poloskitriiiii poloski tripo tri poloskitriiiii poloski tripo tri poloskitriiiii poloski tripo tri poloskitriiiii poloski tripo tri poloskitriiiii poloski tripo tri poloskitriiiii poloski tripo tri poloskitriiiii poloski tripo tri poloski', 2, 1, 1);